Hold_Period,Final_Return
1,5.909317599999995
2,11.35543000000008
3,3.175722300000125
7,18.397759700000023
28,14.151896600000107
90,34.37586300000004
182,84.29298840000006
365,36.13579610000001
730,41.435565000000004
